Original,New
7,others
91,others
737,others
857628,others
896651,others
a group chat application,others
abap developer,abap developer
account,account
administrative clerk,administrative clerk
administrator,administrator
advisor,advisor
advisory software engineer,advisory software engineer
advisory system analyat,advisory system analyst
agency collection manager,agency collection manager
ai engineer,ai engineer
air force,air force
analyst  software engineer,analyst software engineer
analyst consultant,analyst consultant
analyst programmer,analyst programmer
analytics and insite devloper,analytics and insite devloper
android application developer,android application developer
android developer sr executive,android developer sr executive
android engineer,android engineer
android facilitator,android facilitator
android lead,android lead
any technical,any technical
app developer,app developer
application developer 1,application developer 1
application developer 2,application developer 2
application developer analyst,application developer analyst
application developer frontend,application developer frontend
application development,application development
application development analyst,application development analyst
application development associate,application development associate
application development senior analyst,application development senior analyst
application development team lead,application development team lead
application developmentaassociate,application development aassociate
application engineer,application developer 1
application engineer ii,application developer 2
applications engineer,application developer 1
applied scientist ii,applied scientist 2
architect team lead,architect team lead
area business manager,area business manager
area operations manager,area operations manager
ase,application development analyst
aspnet developer,aspnet developer
asset management coordinator,asset management coordinator
assisatnt system engineer,assisatnt system engineer
assistant,assistant
assistant engineer,assistant engineer
assistant engineer trainee,assistant engineer trainee
assistant manager,assistant manager
assistant professor,assistant professor
assistant regional sales manager,assistant regional sales manager
assistant software engineer,assistant software engineer
assistant system engineer,assistant system engineer
assistant system engineer  trainee,assistant system engineer trainee
assistant system engineer trainee,assistant system engineer trainee
assistant system enginner,assistant system engineer
associate,associate
associate  software  engineer,associate software engineer
associate analyst,associate analyst
associate application developer,associate application developer
associate application engineer,associate application developer
associate applications developer,associate application developer
associate coder,associate coder
associate consultant,associate consultant
associate consultant  developer,associate consultant developer
associate data engineer,associate data engineer
associate data scientist,associate data scientist
associate developer,associate developer
associate engineer,associate developer
associate futures engineering team,associate futures engineering team
associate interactive developer l2,associate interactive developer l2
associate it engineer,associate it engineer
associate l1,associate l1
associate manager,associate manager
associate processor,associate processor
associate product lead,associate product lead
associate product manager,associate product manager
associate professional,associate professional developer
associate professional developer,associate professional developer
associate software developer,associate software developer
associate software engineer,associate software developer
associate system engineer,associate system engineer
associate system engineer  trainee,associate system engineer trainee
associate system engineertrainee,associate system engineer trainee
associate tech lead,associate tech lead
associate technical engineer,associate technical engineer
associate technical lead,associate technical lead
associate technical support,associate technical support
associate technology,associate technology
assosiate product manager,assosiate product manager
assosiate software engineer,assosiate software engineer
asst manager,asst manager
atm interface system,atm interface system
audit manager,audit manager
auditing,auditor
auditor,auditor
automation architect,automation architect
automation developer,automation developer
automation engineer,automation engineer
automation expert,automation expert
automation test engineer,automation test engineer
automation test enginner,automation test engineer
ays,others
azure data factory,azure data factory
ba,others
back office executive admin,back office executive admin
backend architect,backend architect
backend engineer,backend engineer
backend engineering,backend engineer
basis administrator,basis administrator
bda,business development
bdm,business development
bengaluru,others
big data developer,big data developer
branch manager,branch manager
bta,business technology analyst
business analyst  product owner,business analyst product owner
business analyst lead,business analyst lead
business analysts,business analyst
business analytics,business analyst
business consultant,business consultant
business development executive,business development executive
business development manager,business development manager
business operations new associate,business operations new associate
business process lead,business process lead
business technology analyst,business technology analyst
calculator,others
cant reveal,others
cashier,cashier
catagory manager,catagory manager
chief people officer,chief people officer
chief technology officer,chief technology officer
city transport lead,city transport lead
clerk,clerk
cloud,cloud engineer
cloud engineer,cloud engineer
cloud security analyst,cloud security analyst
cloud software engineer,cloud software engineer
cloud support associate,cloud support associate
cofounder,cofounder
cofounderg,cofounder
compliance auditor,compliance auditor
compliance operation,compliance operation
computer scientist 1,computer scientist 1
consultanat,consultant
consultant,consultant
consultant development,consultant development
coo,coo
core tech engineer  researcher,core tech engineer researcher
crc,crc
credit risk,credit risk
credit risk manager,credit risk manager
cto and co founder,cto and co founder
customer service executive,customer service executive
customer support specialist,customer support specialist
cyber security engineer,cyber security engineer
data analayst,data analyst
data analyst,data analyst
data associate,data analyst
data eingineer,data engineer
data engineer,data engineer
data engineer 2,data engineer 2
data engineer iii,data engineer 3
data operations manager,data operations manager
data science analyst,data scientist
data scientist,data scientist
data scientist 2,data scientist 2
data scientist ii,data scientist 2
data specialist,data analyst
data visualization engineer,data visualization engineer
data warehouse developer,data warehouse developer
database administrator,database administrator
database developer,database developer
decision analytics associate,decision analytics associate
deputy general manager,deputy general manager
deputy manager,deputy manager
design engineer,design engineer
design specialist,design specialist
developer  production support,developer  production support
developer 2,developer 2
developer asociate,developer associate
developer associate,developer associate
devlopment engineer,devlopment engineer
devops engineer,devops engineer
devopscloud engineer,devops cloud engineer
digital content associate,digital content associate
digital marketing,digital marketing
digital marketing manager,digital marketing manager
director engineering,director engineering
dot net developer,dot net developer
electrical technician,electrical technician
embedded software development engineer,embedded software developer
embedded software engineer,embedded software developer
employee,others
engeneering lead,engeneering lead
engineer,engineer 1
engineer 1,engineer 1
engineer 2,engineer 2
engineer i,engineer 1
engineer trainee,engineering trainee
engineering intern,engineering intern
engineering leadership,engineering leadership
engineering manager ii,engineering manager 2
engineering team lead,engineering team lead
engineet,engineer 1
eno,others
entrepreneur,others
entrepreneurship,others
erp application developer,erp application developer
erp associate,erp associate
erp consultant,erp consultant
escalation engineer,escalation engineer
etl developer,etl developer
exchange coordinator,exchange coordinator
executive operation,executive operation
executive software developer,executive software developer
farmer,others
fb service,fb service
fibre engineer,fibre engineer
finance and accounting,finance and accounting
finance lead,finance lead
firmware engineer,firmware engineer
firmware software engineer l,firmware software engineer 1
flutter app engineer,flutter app engineer
forex,forex
founders office,founders office
freelance,others
freelance sde,others
freelancer,others
fresher,fresher
fresher student,fresher
front end dev,frontend developer
front end developer,frontend developer
front end engineer,frontend developer
front end web developer,frontend developer
frontend developer,frontend developer
frontend engineer,frontend developer
full stack developer intern,fullstack developer intern
full stack devloper,fullstack devloper
full stack engineer,fullstack devloper
full stack web developer,fullstack web developer
fullstack engineer,fullstack devloper
fullstack web developer,fullstack web developer
graduate engineer  trainee,graduate engineer trainee
graduate engineer trainee,graduate engineer trainee
graduate intern,graduate intern
graduate programmer,graduate programmer
graduate research assistant,graduate research assistant
graduate software developer,graduate software developer
graphic designer,graphic designer
growth,growth manager
growth manager,growth manager
h,others
hardware engineer,hardware engineer
head of analytics,head of analytics
head scientist,head scientist
highway engineer,highway engineer
hod,hod
human resource,human resource
hvac algorithm developer,hvac algorithm developer
iaas  engineer,iaas engineer
implementation engineer,implementation engineer
info technology sr associate,info technology sr associate
instructional apprentice,instructional apprentice
instructor,instructor
insurance agent,insurance agent
integration,integration developer
integration developer,integration developer
integration engineer,integration developer
intern,intern
intern  software developer,intern software developer
international coding instructor,international coding instructor
interndata analyst,intern data analyst
internship,intern
ios  swift developer,ios swift developer
ios application developer,ios application developer
ios engineer,ios engineer
ios software developer,ios software developer
iot consultant,iot consultant
it analyst,it analyst
it engineer,it engineer
it mmanager,it manager
it trainee,it trainee
java back end developer,java back end developer
java devloper,java devloper
java microservices developer,java microservices developer
java software engineer,java software engineer
jr prod specialist,jr prod specialist
jr software engineer,junior developer
junior associate technology,junior associate technology
junior consultant,junior consultant
junior developer,junior developer
junior front end eng,junior developer
junior software developer,junior software developer
junior web developer,junior web developer
kam,key account manager
key account manager,key account manager
l4,lead analyst
lead,lead analyst
lead  mis,lead analyst
lead analyst,lead analyst
lead android developer,lead android developer
lead consultant,lead consultant
lead consultant technology,lead consultant technology
lead design engineer,lead design engineer
lead engineer  software development,lead software developer
lead engineer ii,lead software developer 2
lead software developer,lead software developer
lead software development engineer,lead software developer
lead software engineer,lead software developer
lead ui engineer,lead ui engineer
learning web designing,learning web designing
lecturer,lecturer
linux administrator,linux administrator
linux system administrator,linux administrator
loan processing,loan processing
logistics supply chain,logistics supply chain
machine learning data associate,machine learning data associate
machine learning developer,machine learning developer
machine learning engineer,machine learning developer
machine learning engineer intern,machine learning developer intern
machine learning intern,machine learning developer intern
mainframe developer,mainframe developer
maintenance engineer,maintenance engineer
management executive,management executive
manager,manager
manager candidate,manager
managercx,manager
manual tester,manual tester
maricketing,marketing professional
marketing professional,marketing professional
matlab programmer,matlab programmer
mean stack developer,mean stack developer
mechanical engineering,mechanical engineer
mechanical engineers,mechanical engineer
medical field,medical field
member of technical staff,member of technical staff 1
member of technical staff  2,member of technical staff 2
member of technical staff 2,member of technical staff 2
member of technical staff at nineleaps,member of technical staff 1
member of technical staff java,member of technical staff 1
member of technical staff level 2,member of technical staff 2
member of technical staff mts,member of technical staff 1
member technial staff,member of technical staff 1
member technical,member of technical staff 1
member technical staff,member of technical staff 1
member technical staff 1,member of technical staff 1
member technical staff 2,member of technical staff 2
member technical staff iii,member of technical staff 3
member technical staff zoho,member of technical staff 1
messenger come driver,others
middleware engineer,middleware engineer
ml engineer,ml engineer
mobile application developer,mobile application developer
mobile application engineerandroid  ios,mobile application developer
module lead,module lead
module lead software engineer,module lead
mts,member of technical staff 1
mts  ii,member of technical staff 2
mts 3,member of technical staff 3
mts intern,intern
mts2,member of technical staff 2
mts3,member of technical staff 3
mulesoft developer,mulesoft developer
n,others
na,others
nan,others
nce,others
network administrator,network administrator
network function virtualisation,network function virtualisation
network software engineer,network software engineer
new graduate,others
no,others
no job,others
non coder,others
none,others
not applicable,others
not employed,others
now iam not working waiting for job,others
null,others
office management,office management
online reputation manager,online reputation manager
operation,operation associate
operation associate,operation associate
operation executive,operation executive
operations analyst,operations analyst
operations expert,operations expert
operations lead,operations lead
operations manager,operations manager
oracle apps technical consultant,oracle apps technical consultant
oracle dba,oracle dba
oracle lead dba,oracle lead
other,others
others,others
owner,others
pa,pa
package iimplementation associate,package implementation associate
pat,others
pdp executive,pdp executive
performance engineer,performance engineer
personal banker,personal banker
pgt computer science,pgt computer science
platform engineer,platform engineer
pmo,pmo
pop,pop
pop engineer,pop engineer
power plant engineer,power plant engineer
power platform developer,power platform developer
pragrammer analyst,pragrammer analyst
principal application engineer,principal application engineer
principal engineer  1,principal engineer 1
principal product engineer,principal product engineer
principal software engineer,principal software engineer
principle member of technical staff,principle member of technical staff
process associate,process associate
process executive,process executive
product designer,product designer
product develloper,product developer
product developer,product developer
product development engineer,product developer
product engineer backend,product engineer backend
product manager,product manager
product solution engineer,product solution engineer
product specialist,product specialist
production engineering senior analyst,production engineering senior analyst
professional,others
professional application delivery i,professional application delivery 1
professional services engineer,professional services engineer
professor,professor
program analyst trainee,program analyst trainee
program manager,program manager
program manager intern,program manager intern
programmar analyst,programmer analyst 1
programmer analyst,programmer analyst 1
programmer analyst 1,programmer analyst 1
programmer analyst 2,programmer analyst 2
programmer analyst trainee,programmer analyst trainee
project assistant,project assistant
project associate,project associate
project engineer,project engineer
project lead,project lead
project leader,project lead
project trainee,project trainee
pune,others
python devloper,python devloper
q,others
qa engineer,qa engineer
qa intern,qa intern
qaeintern,qa intern
qaqc engineer,qaqc engineer
quality analyst,quality analyst
quality associate,quality associate
quality engineer,quality engineer
quality enginner,quality engineer
quantitative analyst,quantitative analyst
r  d engineer,rd 1
r  d engineer2,rd 2
radio frequency engineer,radio frequency engineer
rd engineer,rd 1
rd engineer ii,rd 2
rd enginner ii,rd 2
react native developer,react native developer
reasearch engineer,reasearch engineer
relationship officer,relationship officer
release engineer,release engineer
reseach analyst,research analyst
research analyst,research analyst
research assistant,research assistant
research assistant  software engineer,research assistant 
research engineer,research engineer
research engineer 2,research engineer 2
research engineers,research engineer
research intern  machine learning,research intern 
researcher,researcher
retail asscociate,retail asscociate
risk analyst,risk analyst
risk investigator,risk investigator
risk model developer,risk model developer
sales,sales professional
sales and collection executive,sales and collection executive
sales manager,sales manager
sales professional,sales professional
salesforce consultant,salesforce consultant
salesforce developer,salesforce developer
sap abap developer,sap abap developer
sap c4c functional consultant,sap c4c functional consultant
sap cpq consultant,sap cpq consultant
sap technical consultant,sap technical consultant
scientist  c,scientist 
sde  3,software developer 3
sde  ii,software developer 2
sde 1,software developer 1
sde 2,software developer 2
sde 3,software developer 3
sde 4,software developer 4
sde ii,software developer 2
sde intern,software developer intern
sde lead,software developer lead
sde1,software developer 1
sde2,software developer 2
sde3,software developer 3
sdei,software developer 1
sdeii,software developer 2
sdet,software developer 1
sdet  intern,software developer intern
sdet 3,software developer 3
sdet senior,senior software developer
sdet2,software engineer 2
se ii,software engineer 2
security analyst,security analyst
security delivery specialist,security delivery specialist
security leadership,security leadership
security researcher,security researcher
self job,others
seller support,seller support associate
seller support associate,seller support associate
senior software engineer,senior software engineer
senior administrator,senior administrator
senior analyst,senior analyst
senior analyst programmer,senior analyst programmer
senior analysts,senior analyst
senior android developer,senior android developer
senior application engineer,senior application engineer
senior applications engineer,senior application engineer
senior associate,senior associate
senior associate platform l1,senior associate platform l1
senior associate technology level1,senior associate technology level 1
senior business analyst,senior business analyst
senior business operations analyst,senior business operations analyst
senior chat associate,senior chat associate
senior consulant,senior consultant
senior consultant,senior consultant
senior data engineer,senior data engineer
senior data scientist,senior data scientist
senior database engineer,senior database engineer
senior developer,senior development engineer
senior development engineer,senior development engineer
senior devops,senior devops
senior engineer,senior engineer
senior engineer software,senior engineer
senior enginner,senior engineer
senior executive,senior executive
senior front end engineer,senior frontend developer
senior frontend developer,senior frontend developer
senior frontend engineer,senior frontend developer
senior lead analyst,senior lead analyst
senior member of technical staff,senior member of technical staff
senior member of technical staff  rd  machine learning,senior member of technical staff
senior member technical staff,senior member technical staff
senior mobile applications developer androidios,senior mobile developer
senior mobile developer,senior mobile developer
senior process executive,senior process executive
senior product development engineer senior developer,senior product development engineer senior developer
senior project engineer,senior project engineer
senior qa engineer,senior qa engineer
senior quantitative analyst,senior quantitative analyst
senior research associate,senior research associate
senior software  development engineer,senior software developer
senior software analyst,senior software analyst
senior software developer,senior software developer
senior software development engineer,senior software developer
senior software development engineer backend,senior software development engineer backend
senior software development engineer ii,senior software development engineer 2
senior software development engineer in test,senior software development engineer in test
senior software engineeer,senior software engineeer
senior software engineer  infrastructure,senior software engineer infrastructure
senior software engineer 1,senior software engineer 1
senior software engineer backend,senior software engineer backend
senior software engineer front end,senior software engineer frontend
senior software engineer lead,senior software engineer lead
senior software engineer net backend,senior software engineer net backend
senior software engineer qa,senior software engineer qa
senior software engineering,senior software engineering
senior software engineerl2,senior software engineer l2
senior software test engineer,senior software test engineer
senior sofware engineer,senior software engineer
senior solution engineer,senior solution engineer
senior staff software engineer,senior staff software engineer
senior system engineer,senior system engineer
senior systems engineer,senior systems engineer
senior technical assistant,senior technical assistant
senior technical specialist,senior technical specialist
senior test engineer,senior test engineer
senior ui enginner,senior ui engineer
senior web developer,senior web developer
senior webmethods developer,senior webmethods developer
seniorsoftwareengineer,senior software engineer
serd,serd
server engineer,server engineer
service delivery specialist,service delivery specialist
servicenow developer,servicenow developer
services it development program senior associate,services it development program senior associate
sharepoint developer,sharepoint developer
shift controller,shift controller
site reliability engineer,site reliability engineer
smts,smts
so,others
soft skill trainer at skill india government project,soft skill trainer at skill india government project
software,software engineer
software  engineer,software engineer
software  web developer,software  web developer
software analyst,software analyst
software associate,software associate
software consultant,software consultant
software dev engineer,software developer 1
software dev engineer 1,software developer 1
software developer  android,software developer android
software developer  ios,software developer ios
software developer  pl10,software developer pl10
software developer  ui,software developer  ui
software developer 1,software developer 1
software developer 2,software developer 2
software developer automation,software developer automation
software developer consultant,software developer consultant
software developer data engineer,software developer data engineer
software developer grade1,software developer grade1
software developer i,software developer 1
software developer ii,software developer 2
software developer intern,software developer intern
software developer sde3,software developer 3
software developerapplication developer,software developerapplication developer
software development,software development
software development analyst,software development analyst
software development consultant 1,software development consultant 1
software development engineer  2,software development engineer 2
software development engineer  i,software development engineer 1
software development engineer  ii,software development engineer 2
software development engineer  iii,software development engineer 3
software development engineer  intern,software engineering intern
software development engineer 1,software development engineer 1
software development engineer 2,software development engineer 2
software development engineer in test,software development engineer Test
software development engineer intern,software engineering intern
software development engineering intern,software engineering intern
software development enginner,software development engineer 1
software development intern,software development intern
software development specialist,software development specialist
software devloper,software devloper
software eng,software engineer
software engineer   programmer analyst,software engineer programmer analyst
software engineer  2,software engineer 2
software engineer  frontend,software engineer frontend
software engineer  i,software engineer 1
software engineer  ii,software engineer 2
software engineer  operations,software engineer operations
software engineer  testing,software development engineer Test
software engineer 1,software engineer 1
software engineer 2,software engineer 2
software engineer 2 backend,software engineer 2 backend
software engineer 2 full stack,software engineer 2 full stack
software engineer 2b,software engineer 2 backend
software engineer 3,software engineer 3
software engineer analyst,software engineer analyst
software engineer android,software engineer android
software engineer android intern,software engineer android intern
software engineer associate,software engineer associate
software engineer backend,software engineer backend
software engineer full stack,software engineer full stack
software engineer i,software engineer 1
software engineer ii,software engineer 2
software engineer iii,software engineer 3
software engineer iii  sde2,software engineer 3
software engineer in test,software development engineer Test
software engineer intern,software engineering intern
software engineer iv,software engineer 4
software engineer l2,software engineer l2
software engineer rd,software engineer rd
software engineer traineeml,software engineer trainee ml
software engineeradvanced analytics,software engineer advanced analytics
software engineering,software engineer
software engineering  engineer 2,software engineering engineer 2
software engineering analyst,software engineering analyst
software engineering contractor,software engineering contractor
software engineering intern,software engineering intern
software engineering lead,software engineering lead
software engineerrd intern,software engineering intern
software enginner,software engineer
software enginnering specialist,software engineering specialist
software prod  plat eng analyst,software prod plat eng analyst
software qa,software qa engineer
software qa engineer,software qa engineer
software test engineer,software test engineer
softwear engineer,softwear engineer
solution architect  apprentice,solution architect  apprentice
solution engineer,solution engineer
solution integration consultant i,solution integration consultant 1
solutions designer,solutions designer
solutions specialist,solutions specialist
some data entry operator like some copys writetype and upload,others
some random title,others
specialist,specialist
specialist programmer,specialist programmer
specialist programmer pp,specialist programmer
sps associate,sps associate
sql plsql developer,sql plsql developer
sr associate platform l2,sr associate platform l2
sr consultant,sr consultant
sr developer,sr developer
sr ios developer,sr ios engineer
sr ios engineer,sr ios engineer
sr lead engineer,sr lead engineer
sr operation executive,sr operation executive
sr representative,sr representative
sr software engg,sr software engineer
sr software engg  android,sr software engineer android
sr software engineer,sr software engineer
sr software engineerandroid,sr software engineer android
sr technical manager,sr technical manager
sre,sre
staff consultant,staff consultant
staff developer,staff developer
staff software engineer,staff software engineer
storw,others
strategy and new initiatives,strategy and new initiatives
student,student
student in computer application,student
student intern,student
subinspector,subinspector
subject matter expert,subject matter expert
summer technology analyst software developer intern,summer technology analyst software developer intern
support,support engineer
support engineer,support engineer
support escalation engineer,support escalation engineer
sw engineer 2,sw engineer 2
system engineer,system engineer
system engineerfullstack developer,system engineer fullstack developer
system software engineer,system software engineer
systems analyst,systems analyst
systems operations engineer,systems operations engineer
talent acquisition specialist,talent acquisition specialist
talent acquisition sspecialist,talent acquisition specialist
teacher,teacher
teaching,teacher
teaching assistant,teaching assistant
teaching field,teaching field
team lead,team lead
team lead  android,team lead android
team lead mobile,team lead mobile
teammate,others
tecchnical lead,tecchnical lead
tech architecture,tech architecture
tech lead software engineer,tech lead software engineer
tech lead team lead,tech lead team lead
tech manager,tech manager
tech person,tech person
techinical lead,technical head
technical  consultant,technical consultant
technical associate,technical associate
technical consultant,technical consultant
technical engineer,technical engineer
technical head,technical head
technical leader,technical leader
technical manager,technical manager
technical officer,technical officer
technical support engineer,technical support engineer
technician,technician
technology analyst,technology analyst
technology analyst ii,technology analyst 2
technology associate,technology associate
technology consultant,technology consultant
technology specialist,technology specialist
techops engineer 1,techops engineer 1
test analyst,test analyst
test automation engineer,test automation engineer
test technician specialist,test technician specialist
tester,tester
third party provider,third party provider
tool room engineer mechanical engineer,tool room engineer mechanical engineer
trainee,trainee
trainee decision scientist,trainee decision scientist
trainee engineer java developer,trainee engineer java developer
traineeintern,trainee
trainer,trainer
transaction risk investigator,transaction risk investigator
tsc,tsc
tuition teacher,tuition teacher
tx sme,tx sme
typing,others
ucm,ucm
ui developer intern,ui developer intern
underwriting officer,underwriting officer
unempolyed,others
user experience specialist,user experience specialist
vendor management,vendor management
vice president,vice president
voice president,vice president
web  ui designer,web  ui designer
web application developer,web application developer
web designer,web designer
web designerdeveloper intern,web designer intern
web developer full stack,web developer full stack
webcenter consultant,webcenter consultant
wordpress developer,wordpress developer
worker,others
x,others
young professional ii,young professional 2
zomato,others
,others